Reporter,Partner,Product categories,Indicator Type,Indicator,2014,2013,2012,2011,2010,2009,2008,2007,2006,2005,2004,2003,2002,2001,2000,1999,1998,1997,1996,1995,1994,1993,1992,1991,1990,1989,1988
Iceland,...,...,Development,GDP (current US$ Mil),          17071.00,          15394.55,          14232.50,          14688.20,          13261.00,          12823.80,          17599.60,          21446.70,          17101.00,          16798.50,          13737.00,          11324.40,           9184.96,           8147.16,           8947.86,           8951.37,           8489.96,           7620.75,           7526.27,           7205.07,           6462.50,           6289.67,           7161.93,           6988.72,           6542.69,           5737.42,           6176.44
Iceland,...,...,Export,No. Of Export partners,            130.00,            130.00,            125.00,            130.00,            129.00,            127.00,            136.00,            134.00,            125.00,            113.00,            114.00,            104.00,            103.00,            109.00,            107.00,             94.00,             95.00,             91.00,             90.00,             77.00,             76.00,             78.00,             72.00,             67.00,             67.00,             78.00,             75.00
Iceland,...,...,Export,No. Of Export products,           1521.00,           1570.00,           1603.00,           1587.00,           1548.00,           1562.00,           1676.00,           1449.00,           1290.00,           1226.00,           1267.00,           1248.00,           1304.00,           1353.00,           1345.00,           1253.00,           1147.00,            886.00,            839.00,            771.00,            604.00,            584.00,            573.00,            526.00,            566.00,            545.00,            516.00
Iceland,...,...,Import,No. Of Import partners,            140.00,            136.00,            139.00,            142.00,            131.00,            127.00,            134.00,            130.00,            136.00,            133.00,            123.00,            124.00,            123.00,            125.00,            123.00,            129.00,            124.00,            122.00,            117.00,            114.00,            114.00,            105.00,            102.00,             94.00,            101.00,             94.00,            103.00
Iceland,...,...,Import,No. Of Import products,           4004.00,           3959.00,           3959.00,           3951.00,           3931.00,           3926.00,           3894.00,           3998.00,           4090.00,           4172.00,           4104.00,           4036.00,           4027.00,           4086.00,           4138.00,           4235.00,           4089.00,           4189.00,           4132.00,           4179.00,           4136.00,           4122.00,           4163.00,           4200.00,           4130.00,           4147.00,           4261.00
Iceland,...,...,Tariff,No. Of Tariff Agreement,             26.00,             26.00,             23.00,             22.00,             22.00,             20.00,             20.00,             19.00,             16.00,              2.00,              2.00,              2.00,,              2.00,              3.00,              2.00,              2.00,,,,,              5.00,,,,,
Iceland,...,...,Development,Trade Balance (current US$ Mil),           1094.72,           1256.79,            872.52,           1188.08,           1386.37,           1142.00,           -368.93,          -1875.45,          -2911.44,          -1979.56,           -736.43,           -338.72,            141.60,            -71.90,           -622.09,           -405.85,           -369.92,             34.93,             40.58,            250.21,            321.54,            191.18,             -8.49,            -87.07,             80.54,            123.68,            -56.22
Iceland,Brazil,All Products,Import,Trade (US$ Mil)-Top 5 Import Partner,,,            317.44,,            339.97,,,,,,,,,,,,,,,,,,,,,,
Iceland,China,All Products,Import,Trade (US$ Mil)-Top 5 Import Partner,            397.51,            391.97,            341.50,            303.03,,,,,,,,,,,,,,,,,,,,,,,
Iceland,Denmark,All Products,Export,Trade (US$ Mil)-Top 5 Export Partner,,,,,,,,,,,,,,,,,            105.30,,,            141.26,,,,,,,
Iceland,Denmark,All Products,Import,Trade (US$ Mil)-Top 5 Import Partner,            406.12,            416.48,,,,            262.17,            451.55,            495.58,            372.82,            354.10,            280.94,            227.00,            193.33,            196.90,            205.30,            188.04,            190.52,            174.27,,            164.75,            132.48,            126.47,            148.17,            149.15,            142.88,            126.67,            154.05
Iceland,France,All Products,Export,Trade (US$ Mil)-Top 5 Export Partner,            251.21,,,            209.20,,,,,,,,,,,,            104.19,            130.44,            117.38,,,            117.65,            115.24,            150.68,            158.52,            142.39,             80.49,
Iceland,German Democratic Republic,All Products,Export,Trade (US$ Mil)-Top 5 Export Partner,,,,,,,,,,,,,,,,,,,,,,,,,            201.28,            166.35,
Iceland,German Democratic Republic,All Products,Import,Trade (US$ Mil)-Top 5 Import Partner,,,,,,,,,,,,,,,,,,,,,,,,,            206.21,            183.14,
Iceland,Germany,All Products,Export,Trade (US$ Mil)-Top 5 Export Partner,            304.66,            606.95,            651.92,            800.36,            642.60,            456.87,            605.42,            638.39,            517.04,            489.78,            512.38,            414.99,            411.90,            300.96,            312.12,            262.96,            289.63,            242.05,,            246.14,            208.82,            154.48,            190.21,            190.51,,,            155.16
Iceland,Germany,All Products,Import,Trade (US$ Mil)-Top 5 Import Partner,            409.44,            402.36,            437.94,            382.60,            293.95,            297.66,            632.71,            807.40,            742.15,            689.22,            468.66,            333.91,            242.74,            277.69,            306.29,            275.95,            284.36,            237.45,,            199.91,            165.17,            160.72,            207.95,            226.65,,,            236.43
Iceland,Ireland,All Products,Export,Trade (US$ Mil)-Top 5 Export Partner,,,,,,,,            360.96,,,,,,,,,,,,,,,,,,,
Iceland,Japan,All Products,Export,Trade (US$ Mil)-Top 5 Export Partner,,,,,,,            234.62,,,,,,,,,,,            122.70,,            204.55,            229.20,            129.75,            115.23,            123.80,             94.98,             99.30,            114.70
Iceland,Netherlands,All Products,Export,Trade (US$ Mil)-Top 5 Export Partner,           1475.09,           1500.91,           1517.00,           1732.72,           1564.07,           1247.26,           1840.87,           1014.89,            573.55,            386.35,            310.64,            266.76,            240.71,            220.23,            147.02,            120.78,,,,,,,,,,,
Iceland,Netherlands,All Products,Import,Trade (US$ Mil)-Top 5 Import Partner,,,,            356.33,            333.17,            311.07,,            375.87,,,,,,,,,,,,,,,,            174.69,            172.06,            145.80,
Iceland,Norway,All Products,Export,Trade (US$ Mil)-Top 5 Export Partner,,            236.62,            258.02,            236.15,,            235.44,,,,,,,,,,,,,,,,,,,,,
Iceland,Norway,All Products,Import,Trade (US$ Mil)-Top 5 Import Partner,            786.34,            755.96,            793.50,            772.79,            354.48,            467.46,            690.51,,            431.27,            347.48,            354.84,            195.93,            181.79,            177.85,            209.87,            240.82,            228.02,            232.59,,            178.20,            210.61,            166.91,            244.64,,,,            149.64
Iceland,Portugal,All Products,Export,Trade (US$ Mil)-Top 5 Export Partner,,,,,,,,,,,,,,            111.09,            107.46,,,,,,,,,,,,            127.70
Iceland,Spain,All Products,Export,Trade (US$ Mil)-Top 5 Export Partner,            380.52,,,,            218.15,            195.46,,,            219.82,            229.65,            200.28,            150.54,            116.69,,,,,,,,,,,,,,
Iceland,Sweden,All Products,Import,Trade (US$ Mil)-Top 5 Import Partner,,,,,,            290.32,            554.34,            670.69,            425.10,            419.73,,,,,,,,,,,,,,,,            114.98,            146.21
Iceland,United Kingdom,All Products,Export,Trade (US$ Mil)-Top 5 Export Partner,            567.38,            473.79,            497.29,            481.97,            465.31,            518.16,            621.61,            630.87,            539.71,            550.42,            550.08,            417.09,            389.98,            368.09,            367.00,            394.90,            366.12,            350.01,,            347.41,            330.96,            302.57,            382.87,            367.86,            401.56,            291.03,            349.49
Iceland,United Kingdom,All Products,Import,Trade (US$ Mil)-Top 5 Import Partner,,,,,,,,,,,            253.52,            210.13,            169.30,            171.40,            231.65,            213.26,            239.95,            204.08,,            168.69,            145.24,            120.91,            142.86,            143.34,            133.56,,            136.11
Iceland,United States,All Products,Export,Trade (US$ Mil)-Top 5 Export Partner,,            235.42,            228.30,,            210.14,,            299.42,            355.67,            374.85,            275.54,            271.18,            225.03,            243.53,            212.77,            235.97,            302.49,            254.92,            263.88,,            223.39,            235.78,            222.19,            174.53,            197.45,            157.17,            200.15,            204.09
Iceland,United States,All Products,Import,Trade (US$ Mil)-Top 5 Import Partner,            544.43,            483.90,            488.67,            527.43,            310.55,,            496.07,            901.31,            787.22,            464.92,            375.34,            210.87,            253.13,            253.10,            284.01,            252.02,            275.55,            190.31,,            147.04,            131.05,            125.85,            138.88,            179.95,            239.52,            153.92,
Iceland,World,All Products,Tariff,Duty Free Imports (US$ Thousand),        4636893.14,        4156315.43,        4184518.85,        4280816.39,        3481111.20,        3207266.22,        5394987.62,        5783952.69,        5213084.13,        3240837.19,        2467927.98,        1906658.02,,        1342940.33,        1628609.80,        1555999.11,        1682104.68,,        1214488.56,,,         968496.74,,,,,
Iceland,World,Animal,Export,Export(US$ Mil),           1856.81,           1886.79,           1845.02,           1889.98,           1586.26,           1521.94,           1761.98,           1712.24,           1531.68,           1497.51,           1402.55,           1141.59,           1063.61,            978.16,            967.87,           1085.54,           1036.95,            955.32,           1028.45,            998.12,            999.10,            909.46,           1130.56,           1234.22,           1145.61,            920.75,            961.08
Iceland,World,Capital goods,Export,Export(US$ Mil),            351.74,            254.36,            298.70,            304.07,            275.44,            414.81,            622.81,            933.40,            366.20,            293.18,            140.47,            105.36,            106.40,            102.05,            123.10,            156.14,             76.36,            110.63,             99.20,             97.62,             73.15,             35.93,             23.40,             17.05,             33.73,             38.50,             72.47
Iceland,World,Chemicals,Export,Export(US$ Mil),             98.88,            112.80,            159.46,            151.34,            156.16,            105.68,            120.91,            101.15,             90.76,            101.25,            142.90,             82.63,             77.80,             47.49,             24.00,              9.50,              7.89,              7.41,              8.23,             11.08,              1.41,              1.33,              1.09,              0.77,              0.88,              0.44,              0.44
Iceland,World,Consumer goods,Export,Export(US$ Mil),            590.34,            543.77,            609.14,            659.18,            585.82,            385.76,            481.47,            445.81,            430.97,            413.61,            470.10,            358.16,            319.90,            272.06,            251.23,            272.56,            282.39,            290.30,            320.31,            328.66,            253.91,            183.08,            104.68,            120.81,            123.84,            110.97,            115.49
Iceland,World,Food Products,Export,Export(US$ Mil),            282.09,            339.69,            310.97,            295.80,            252.35,            172.21,            193.56,            286.63,            265.96,            277.96,            354.81,            324.62,            341.67,            274.31,            257.63,            284.30,            352.46,            355.64,            362.06,            326.21,            256.22,            198.58,            110.79,             68.64,            104.71,            115.27,            133.24
Iceland,World,Footwear,Export,Export(US$ Mil),              0.30,              0.26,              0.18,              0.23,              0.19,              0.15,              0.25,              0.22,              0.26,              0.16,              0.23,              0.14,              0.16,              0.22,              0.22,              0.15,              0.24,              0.12,              0.11,              0.10,              0.09,              0.09,              0.15,              0.13,              0.09,              0.15,              0.21
Iceland,World,Fuels,Export,Export(US$ Mil),            100.69,             79.90,            101.95,            103.39,             47.33,             40.23,             79.40,             69.36,             80.48,             43.16,             14.98,              5.58,              9.06,              4.71,              6.84,              2.91,              3.12,              1.10,              1.15,              0.86,              1.20,              0.72,              1.05,              0.77,              0.02,              0.01,              0.03
Iceland,World,Hides and Skins,Export,Export(US$ Mil),              9.56,             25.72,             20.91,             20.58,             12.84,             10.68,             16.34,             13.40,             14.80,             14.48,             15.07,             13.87,             16.81,             14.21,             14.08,             11.87,             14.46,             22.36,             25.22,             20.32,             18.83,             13.64,             18.04,             19.08,             21.18,             20.50,             17.23
Iceland,World,Intermediate goods,Export,Export(US$ Mil),           2534.32,           2576.18,           2604.94,           2770.10,           2473.43,           2064.75,           2827.90,           1978.54,           1406.46,           1163.96,           1172.45,           1043.90,            995.77,            920.50,            806.99,            769.80,            787.26,            717.95,            680.27,            575.49,            482.20,            437.13,            480.38,            463.31,            532.08,            540.57,            607.10
Iceland,World,Mach and Elec,Export,Export(US$ Mil),            156.59,            135.35,            160.63,            134.16,            125.01,            134.58,            194.74,            141.89,             94.55,             96.81,             87.80,             60.11,             56.86,             56.61,             54.46,             46.71,             31.49,             27.42,             30.90,             28.46,             17.45,             11.81,             10.81,             11.98,             11.39,             11.21,             12.12
Iceland,World,Metals,Export,Export(US$ Mil),           2127.66,           2057.55,           2081.70,           2356.09,           2096.79,           1567.68,           2271.92,           1411.98,            914.33,            684.51,            633.02,            540.41,            489.53,            473.44,            419.28,            370.26,            321.10,            282.16,            251.31,            253.04,            203.71,            166.39,            178.19,            178.93,            214.76,            239.22,            226.72
Iceland,World,Minerals,Export,Export(US$ Mil),             11.19,             10.39,             10.45,             13.32,              8.12,              7.37,             11.05,              8.68,              5.94,              5.27,              5.67,              3.59,              3.18,              4.26,              6.99,             11.70,             11.93,             12.95,             15.63,             21.76,             16.53,              7.81,              8.52,              8.80,              9.77,              8.80,             11.36
Iceland,World,Miscellaneous,Export,Export(US$ Mil),            139.07,            115.74,            130.04,            120.14,            101.77,             88.73,            128.30,            124.63,            123.79,            112.83,            100.86,             67.06,             59.10,             51.07,             45.11,             30.80,             22.02,             15.98,             13.46,             12.69,             11.99,             10.26,             11.89,              9.34,             11.50,              9.16,              9.42
Iceland,World,Plastic or Rubber,Export,Export(US$ Mil),             26.23,             18.31,             21.51,             21.31,             18.25,             14.24,             13.08,             15.59,             12.61,             13.94,             12.64,             13.61,             12.60,              8.76,              8.57,              7.60,              7.47,              7.71,              6.96,              5.21,              3.97,              3.30,              3.50,              3.20,              3.52,              2.95,              3.64
Iceland,World,Raw materials,Export,Export(US$ Mil),           1543.62,           1600.07,           1517.24,           1586.89,           1246.92,           1168.86,           1377.94,           1360.12,           1221.77,           1183.96,           1069.97,            850.76,            783.11,            694.74,            697.22,            791.31,            769.27,            720.04,            784.74,            790.04,            808.12,            732.05,            904.74,            957.95,            881.41,            699.79,            698.59
Iceland,World,Stone and Glass,Export,Export(US$ Mil),              5.39,              3.79,              4.54,              3.07,              3.08,             25.66,             17.56,             10.68,              3.95,              4.03,              2.96,              1.97,              1.92,              2.57,              1.93,              2.03,              2.10,              2.67,             11.55,              2.23,              1.67,              1.33,              1.39,              1.20,              1.48,              0.89,              0.86
Iceland,World,Textiles and Clothing,Export,Export(US$ Mil),             11.63,             13.59,             14.14,             14.21,             11.82,              8.71,             12.14,             14.72,             12.05,             13.00,             18.95,             19.04,             16.46,             15.53,             19.86,             13.33,             15.29,             14.71,             15.41,             15.56,             10.39,              9.68,             12.40,             16.84,             19.97,             24.61,             31.07
Iceland,World,Transportation,Export,Export(US$ Mil),            119.34,             50.35,             76.27,            110.95,            100.43,            271.11,            423.61,            784.85,            251.26,            173.25,             35.82,             22.72,             31.81,             36.99,             42.79,             91.84,             33.74,             75.28,             62.80,             64.09,             48.91,             20.45,              9.65,              3.35,             21.34,             27.37,             60.44
Iceland,World,Vegetable,Export,Export(US$ Mil),             98.20,            141.32,            120.14,            105.59,             76.64,             83.41,            105.46,             70.26,             45.48,             46.76,             53.84,             76.47,             42.65,             43.51,             25.02,             34.46,             66.07,             66.29,             59.19,             38.83,             32.18,             41.98,             27.28,             12.44,             18.17,             18.14,             33.50
Iceland,World,Wood,Export,Export(US$ Mil),              7.65,              6.17,              5.54,              8.63,              6.05,              4.59,              5.12,              5.76,              5.24,              5.60,              7.75,              7.06,              6.07,              5.27,              6.24,              6.72,              4.90,              4.29,              4.65,              3.94,              3.01,              2.50,              1.76,              1.78,              2.00,              1.75,              1.44
Iceland,World,All Products,Export,Exports (in US$ Mil),           5051.30,           4997.71,           5063.44,           5348.79,           4603.09,           4056.96,           5355.43,           4772.04,           3453.15,           3090.53,           2889.86,           2380.47,           2229.30,           2017.11,           1900.88,           2009.72,           1931.23,           1851.42,           1897.08,           1802.51,           1626.67,           1399.32,           1527.08,           1571.45,           1586.39,           1401.22,           1502.82
Iceland,World,Capital goods,Import,Import(US$ Mil),           1462.33,           1249.70,           1319.81,           1291.11,            980.59,            957.68,           1710.44,           2288.52,           2272.99,           1645.57,           1112.00,            824.41,            632.85,            692.06,            835.08,            767.00,            827.79,            613.13,            605.69,            469.43,            394.64,            325.37,            488.66,            481.41,            504.27,            395.57,            503.17
Iceland,World,Consumer goods,Import,Import(US$ Mil),           2495.57,           2373.24,           2080.40,           2055.36,           1634.80,           1526.73,           2606.86,           2874.01,           2424.44,           2262.67,           1710.58,           1313.05,           1021.74,           1028.72,           1183.54,           1054.22,           1068.60,            957.57,            954.72,            838.57,            725.53,            699.77,            819.77,            845.55,            760.18,            656.26,            788.38
Iceland,World,Intermediate goods,Import,Import(US$ Mil),           1097.26,           1104.80,           1091.73,           1182.75,           1034.49,            898.22,           1526.99,           1196.00,           1013.45,            796.60,            637.28,            497.30,            455.70,            413.89,            405.65,            353.21,            413.93,            331.20,            356.34,            328.81,            260.13,            244.18,            292.77,            327.70,            310.18,            271.56,            300.15
Iceland,World,Raw materials,Import,Import(US$ Mil),            287.62,            258.37,            244.68,            284.88,            237.12,            197.56,            279.51,            278.34,            223.55,            216.78,            208.72,            158.01,            135.76,            118.54,            124.78,            110.38,            136.73,             89.72,             95.66,             89.56,             69.13,             62.32,             56.68,             62.57,             65.98,             61.79,             59.50
Iceland,World,All Products,Import,Imports (in US$ Mil),           5371.92,           5019.24,           4771.92,           4845.76,           3914.35,           3603.99,           6165.93,           6689.69,           5991.11,           4978.89,           3712.83,           2826.53,           2273.54,           2279.34,           2582.98,           2315.48,           2482.83,           2019.47,           2041.53,           1751.33,           1472.37,           1349.40,           1679.95,           1739.03,           1659.35,           1400.62,           1666.56
Iceland,...,...,Development,"GNI per capita, Atlas method (current US$)",  47640.00,  46650.00,  40700.00,  37720.00,  36710.00,  42250.00,  50000.00,  62220.00,  53470.00,  50730.00,  41410.00,  33130.00,  30380.00,  30450.00,  31540.00,  30220.00,  29000.00,  28300.00,  27180.00,  25350.00,  25530.00,  25960.00,  26370.00,  25130.00,  24680.00,  24080.00,  23350.00
Iceland,...,...,Trade Indicator,HH Market concentration index,      0.13,      0.07,      0.11,      0.10,      0.10,      0.09,      0.09,      0.10,      0.09,      0.09,      0.09,      0.09,      0.09,      0.09,      0.09,      0.10,      0.09,      0.08,      0.09,      0.10,      0.11,      0.13,      0.13,      0.14,      0.15,      0.11,      0.14
Iceland,...,...,Trade Indicator,Index of export market penetration,      2.88,      2.92,      2.92,      2.85,      2.80,      2.79,      2.98,      2.93,      2.83,      2.77,      2.71,      2.67,      2.69,      2.61,      2.60,      2.54,      2.51,      2.48,      2.51,      2.41,      2.32,      2.32,      2.28,      2.42,      2.50,      2.63,      2.95
Iceland,...,...,Development,Trade (% of GDP),    100.54,    103.05,    107.33,    104.63,     96.61,     90.48,     84.52,     75.48,     79.18,     72.64,     70.57,     68.80,     70.37,     75.52,     71.76,     69.67,     72.00,     70.13,     70.15,     65.74,     64.71,     60.81,     59.15,     62.23,     64.32,     63.17,     62.79
Iceland,...,...,Development,Trade Balance (% of GDP),      6.41,      8.16,      6.13,      8.09,     10.45,      8.91,     -2.10,     -8.74,    -17.02,    -11.78,     -5.36,     -2.99,      1.54,     -0.88,     -6.95,     -4.53,     -4.36,      0.46,      0.54,      3.47,      4.98,      3.04,     -0.12,     -1.25,      1.23,      2.16,     -0.91
Iceland,...,...,Development,Trade in services (% of GDP),     43.13,     43.93,      4.67,      5.27,      4.94,      3.30,      3.57,      3.94,      2.15,      1.22,,,,,,,,,,,,,,,,,
Iceland,Brazil,All Products,Import,Partner share(%)-Top 5 Import Partner,,,      6.65,,      8.69,,,,,,,,,,,,,,,,,,,,,,
Iceland,China,All Products,Import,Partner share(%)-Top 5 Import Partner,      7.40,      7.81,      7.16,      6.25,,,,,,,,,,,,,,,,,,,,,,,
Iceland,Denmark,All Products,Export,Partner share(%)-Top 5 Export Partner,,,,,,,,,,,,,,,,,      5.45,,,      7.84,,,,,,,
Iceland,Denmark,All Products,Import,Partner share(%)-Top 5 Import Partner,      7.56,      8.30,,,,      7.27,      7.32,      7.41,      6.22,      7.11,      7.57,      8.03,      8.50,      8.64,      7.95,      8.12,      7.67,      8.63,,      9.41,      9.00,      9.37,      8.82,      8.58,      8.61,      9.04,      9.24
Iceland,France,All Products,Export,Partner share(%)-Top 5 Export Partner,      4.97,,,      3.91,,,,,,,,,,,,      5.18,      6.75,      6.34,,,      7.23,      8.24,      9.87,     10.09,      8.98,      5.74,
Iceland,German Democratic Republic,All Products,Export,Partner share(%)-Top 5 Export Partner,,,,,,,,,,,,,,,,,,,,,,,,,     12.69,     11.87,
Iceland,German Democratic Republic,All Products,Import,Partner share(%)-Top 5 Import Partner,,,,,,,,,,,,,,,,,,,,,,,,,     12.43,     13.08,
Iceland,Germany,All Products,Export,Partner share(%)-Top 5 Export Partner,      6.03,     12.14,     12.87,     14.96,     13.96,     11.26,     11.30,     13.38,     14.97,     15.85,     17.73,     17.43,     18.48,     14.92,     16.42,     13.08,     15.00,     13.07,,     13.66,     12.84,     11.04,     12.46,     12.12,,,     10.32
Iceland,Germany,All Products,Import,Partner share(%)-Top 5 Import Partner,      7.62,      8.02,      9.18,      7.90,      7.51,      8.26,     10.26,     12.07,     12.39,     13.84,     12.62,     11.81,     10.68,     12.18,     11.86,     11.92,     11.45,     11.76,,     11.41,     11.22,     11.91,     12.38,     13.03,,,     14.19
Iceland,Ireland,All Products,Export,Partner share(%)-Top 5 Export Partner,,,,,,,,      7.56,,,,,,,,,,,,,,,,,,,
Iceland,Japan,All Products,Export,Partner share(%)-Top 5 Export Partner,,,,,,,      4.38,,,,,,,,,,,      6.63,,     11.35,     14.09,      9.27,      7.55,      7.88,      5.99,      7.09,      7.63
Iceland,Netherlands,All Products,Export,Partner share(%)-Top 5 Export Partner,     29.20,     30.03,     29.96,     32.39,     33.98,     30.74,     34.37,     21.27,     16.61,     12.50,     10.75,     11.21,     10.80,     10.92,      7.73,      6.01,,,,,,,,,,,
Iceland,Netherlands,All Products,Import,Partner share(%)-Top 5 Import Partner,,,,      7.35,      8.51,      8.63,,      5.62,,,,,,,,,,,,,,,,     10.05,     10.37,     10.41,
Iceland,Norway,All Products,Export,Partner share(%)-Top 5 Export Partner,,      4.73,      5.10,      4.42,,      5.80,,,,,,,,,,,,,,,,,,,,,
Iceland,Norway,All Products,Import,Partner share(%)-Top 5 Import Partner,     14.64,     15.06,     16.63,     15.95,      9.06,     12.97,     11.20,,      7.20,      6.98,      9.56,      6.93,      8.00,      7.80,      8.13,     10.40,      9.18,     11.52,,     10.18,     14.30,     12.37,     14.56,,,,      8.98
Iceland,Portugal,All Products,Export,Partner share(%)-Top 5 Export Partner,,,,,,,,,,,,,,      5.51,      5.65,,,,,,,,,,,,      8.50
Iceland,Spain,All Products,Export,Partner share(%)-Top 5 Export Partner,      7.53,,,,      4.74,      4.82,,,      6.37,      7.43,      6.93,      6.32,      5.23,,,,,,,,,,,,,,
Iceland,Sweden,All Products,Import,Partner share(%)-Top 5 Import Partner,,,,,,      8.06,      8.99,     10.03,      7.10,      8.43,,,,,,,,,,,,,,,,      8.21,      8.77
Iceland,United Kingdom,All Products,Export,Partner share(%)-Top 5 Export Partner,     11.23,      9.48,      9.82,      9.01,     10.11,     12.77,     11.61,     13.22,     15.63,     17.81,     19.03,     17.52,     17.49,     18.25,     19.31,     19.65,     18.96,     18.91,,     19.27,     20.35,     21.62,     25.07,     23.41,     25.31,     20.77,     23.26
Iceland,United Kingdom,All Products,Import,Partner share(%)-Top 5 Import Partner,,,,,,,,,,,      6.83,      7.43,      7.45,      7.52,      8.97,      9.21,      9.66,     10.11,,      9.63,      9.86,      8.96,      8.50,      8.24,      8.05,,      8.17
Iceland,United States,All Products,Export,Partner share(%)-Top 5 Export Partner,,      4.71,      4.51,,      4.57,,      5.59,      7.45,     10.86,      8.92,      9.38,      9.45,     10.92,     10.55,     12.41,     15.05,     13.20,     14.25,,     12.39,     14.49,     15.88,     11.43,     12.57,      9.91,     14.28,     13.58
Iceland,United States,All Products,Import,Partner share(%)-Top 5 Import Partner,     10.13,      9.64,     10.24,     10.88,      7.93,,      8.05,     13.47,     13.14,      9.34,     10.11,      7.46,     11.13,     11.10,     11.00,     10.88,     11.10,      9.42,,      8.40,      8.90,      9.33,      8.27,     10.35,     14.43,     10.99,
Iceland,World,All Products,Trade Indicator,Country Growth (%),      0.97,     -7.42,      1.19,      7.93,      7.79,     -5.74,      3.31,      7.76,      9.77,     -0.45,      6.47,      3.91,      1.48,      2.68,      0.51,      0.91,      3.28,     -1.90,      4.25,      6.97,     10.58,     21.10,      2.71,     13.77,      4.97,      9.46,
Iceland,World,All Products,Tariff,Duty Free Tariff Lines Share (%),     84.27,     83.42,     82.61,     83.38,     83.01,     81.71,     77.30,     76.93,     77.50,     57.10,     56.87,     56.25,,     58.23,     58.29,     58.84,     58.79,,     56.66,,,     76.59,,,,,
Iceland,World,Animal,Export,Export Product share(%),     36.76,     37.75,     36.44,     35.33,     34.46,     37.51,     32.90,     35.88,     44.36,     48.45,     48.53,     47.96,     47.71,     48.49,     50.92,     54.01,     53.69,     51.60,     54.21,     55.37,     61.42,     64.99,     74.03,     78.54,     72.21,     65.71,     63.95
Iceland,World,Capital goods,Export,Export Product share(%),      6.96,      5.09,      5.90,      5.68,      5.98,     10.22,     11.63,     19.56,     10.60,      9.49,      4.86,      4.43,      4.77,      5.06,      6.48,      7.77,      3.95,      5.98,      5.23,      5.42,      4.50,      2.57,      1.53,      1.09,      2.13,      2.75,      4.82
Iceland,World,Chemicals,Export,Export Product share(%),      1.96,      2.26,      3.15,      2.83,      3.39,      2.60,      2.26,      2.12,      2.63,      3.28,      4.94,      3.47,      3.49,      2.35,      1.26,      0.47,      0.41,      0.40,      0.43,      0.61,      0.09,      0.09,      0.07,      0.05,      0.06,      0.03,      0.03
Iceland,World,Consumer goods,Export,Export Product share(%),     11.69,     10.88,     12.03,     12.32,     12.73,      9.51,      8.99,      9.34,     12.48,     13.38,     16.27,     15.05,     14.35,     13.49,     13.22,     13.56,     14.62,     15.68,     16.88,     18.23,     15.61,     13.08,      6.86,      7.69,      7.81,      7.92,      7.68
Iceland,World,Food Products,Export,Export Product share(%),      5.58,      6.80,      6.14,      5.53,      5.48,      4.24,      3.61,      6.01,      7.70,      8.99,     12.28,     13.64,     15.33,     13.60,     13.55,     14.15,     18.25,     19.21,     19.09,     18.10,     15.75,     14.19,      7.25,      4.37,      6.60,      8.23,      8.87
Iceland,World,Footwear,Export,Export Product share(%),      0.01,      0.01,      0.00,      0.00,      0.00,      0.00,      0.00,      0.00,      0.01,      0.01,      0.01,      0.01,      0.01,      0.01,      0.01,      0.01,      0.01,      0.01,      0.01,      0.01,      0.01,      0.01,      0.01,      0.01,      0.01,      0.01,      0.01
Iceland,World,Fuels,Export,Export Product share(%),      1.99,      1.60,      2.01,      1.93,      1.03,      0.99,      1.48,      1.45,      2.33,      1.40,      0.52,      0.23,      0.41,      0.23,      0.36,      0.14,      0.16,      0.06,      0.06,      0.05,      0.07,      0.05,      0.07,      0.05,      0.00,      0.00,      0.00
Iceland,World,Hides and Skins,Export,Export Product share(%),      0.19,      0.51,      0.41,      0.38,      0.28,      0.26,      0.31,      0.28,      0.43,      0.47,      0.52,      0.58,      0.75,      0.70,      0.74,      0.59,      0.75,      1.21,      1.33,      1.13,      1.16,      0.97,      1.18,      1.21,      1.33,      1.46,      1.15
Iceland,World,Intermediate goods,Export,Export Product share(%),     50.17,     51.55,     51.45,     51.79,     53.73,     50.89,     52.80,     41.46,     40.73,     37.66,     40.57,     43.85,     44.67,     45.63,     42.45,     38.30,     40.76,     38.78,     35.86,     31.93,     29.64,     31.24,     31.46,     29.48,     33.54,     38.58,     40.40
Iceland,World,Mach and Elec,Export,Export Product share(%),      3.10,      2.71,      3.17,      2.51,      2.72,      3.32,      3.64,      2.97,      2.74,      3.13,      3.04,      2.53,      2.55,      2.81,      2.87,      2.32,      1.63,      1.48,      1.63,      1.58,      1.07,      0.84,      0.71,      0.76,      0.72,      0.80,      0.81
Iceland,World,Metals,Export,Export Product share(%),     42.12,     41.17,     41.11,     44.05,     45.55,     38.64,     42.42,     29.59,     26.48,     22.15,     21.91,     22.70,     21.96,     23.47,     22.06,     18.42,     16.63,     15.24,     13.25,     14.04,     12.52,     11.89,     11.67,     11.39,     13.54,     17.07,     15.09
Iceland,World,Minerals,Export,Export Product share(%),      0.22,      0.21,      0.21,      0.25,      0.18,      0.18,      0.21,      0.18,      0.17,      0.17,      0.20,      0.15,      0.14,      0.21,      0.37,      0.58,      0.62,      0.70,      0.82,      1.21,      1.02,      0.56,      0.56,      0.56,      0.62,      0.63,      0.76
Iceland,World,Miscellaneous,Export,Export Product share(%),      2.75,      2.32,      2.57,      2.25,      2.21,      2.19,      2.40,      2.61,      3.58,      3.65,      3.49,      2.82,      2.65,      2.53,      2.37,      1.53,      1.14,      0.86,      0.71,      0.70,      0.74,      0.73,      0.78,      0.59,      0.72,      0.65,      0.63
Iceland,World,Plastic or Rubber,Export,Export Product share(%),      0.52,      0.37,      0.42,      0.40,      0.40,      0.35,      0.24,      0.33,      0.37,      0.45,      0.44,      0.57,      0.57,      0.43,      0.45,      0.38,      0.39,      0.42,      0.37,      0.29,      0.24,      0.24,      0.23,      0.20,      0.22,      0.21,      0.24
Iceland,World,Raw materials,Export,Export Product share(%),     30.56,     32.02,     29.96,     29.67,     27.09,     28.81,     25.73,     28.50,     35.38,     38.31,     37.02,     35.74,     35.13,     34.44,     36.68,     39.37,     39.83,     38.89,     41.37,     43.83,     49.68,     52.31,     59.25,     60.96,     55.56,     49.94,     46.49
Iceland,World,Stone and Glass,Export,Export Product share(%),      0.11,      0.08,      0.09,      0.06,      0.07,      0.63,      0.33,      0.22,      0.11,      0.13,      0.10,      0.08,      0.09,      0.13,      0.10,      0.10,      0.11,      0.14,      0.61,      0.12,      0.10,      0.10,      0.09,      0.08,      0.09,      0.06,      0.06
Iceland,World,Textiles and Clothing,Export,Export Product share(%),      0.23,      0.27,      0.28,      0.27,      0.26,      0.21,      0.23,      0.31,      0.35,      0.42,      0.66,      0.80,      0.74,      0.77,      1.04,      0.66,      0.79,      0.79,      0.81,      0.86,      0.64,      0.69,      0.81,      1.07,      1.26,      1.76,      2.07
Iceland,World,Transportation,Export,Export Product share(%),      2.36,      1.01,      1.51,      2.07,      2.18,      6.68,      7.91,     16.45,      7.28,      5.61,      1.24,      0.95,      1.43,      1.83,      2.25,      4.57,      1.75,      4.07,      3.31,      3.56,      3.01,      1.46,      0.63,      0.21,      1.35,      1.95,      4.02
Iceland,World,Vegetable,Export,Export Product share(%),      1.94,      2.83,      2.37,      1.97,      1.67,      2.06,      1.97,      1.47,      1.32,      1.51,      1.86,      3.21,      1.91,      2.16,      1.32,      1.71,      3.42,      3.58,      3.12,      2.15,      1.98,      3.00,      1.79,      0.79,      1.15,      1.29,      2.23
Iceland,World,Wood,Export,Export Product share(%),      0.15,      0.12,      0.11,      0.16,      0.13,      0.11,      0.10,      0.12,      0.15,      0.18,      0.27,      0.30,      0.27,      0.26,      0.33,      0.33,      0.25,      0.23,      0.25,      0.22,      0.18,      0.18,      0.12,      0.11,      0.13,      0.13,      0.10
Iceland,World,Capital goods,Import,Import Product share(%),     27.22,     24.90,     27.66,     26.64,     25.05,     26.57,     27.74,     34.21,     37.94,     33.05,     29.95,     29.17,     27.84,     30.36,     32.33,     33.12,     33.34,     30.36,     29.67,     26.80,     26.80,     24.11,     29.09,     27.68,     30.39,     28.24,     30.19
Iceland,World,Consumer goods,Import,Import Product share(%),     46.46,     47.28,     43.60,     42.42,     41.76,     42.36,     42.28,     42.96,     40.47,     45.45,     46.07,     46.45,     44.94,     45.13,     45.82,     45.53,     43.04,     47.42,     46.77,     47.88,     49.28,     51.86,     48.80,     48.62,     45.81,     46.85,     47.31
Iceland,World,Intermediate goods,Import,Import Product share(%),     20.43,     22.01,     22.88,     24.41,     26.43,     24.92,     24.76,     17.88,     16.92,     16.00,     17.16,     17.59,     20.04,     18.16,     15.70,     15.25,     16.67,     16.40,     17.45,     18.77,     17.67,     18.10,     17.43,     18.84,     18.69,     19.39,     18.01
Iceland,World,Raw materials,Import,Import Product share(%),      5.35,      5.15,      5.13,      5.88,      6.06,      5.48,      4.53,      4.16,      3.73,      4.35,      5.62,      5.59,      5.97,      5.20,      4.83,      4.77,      5.51,      4.44,      4.69,      5.11,      4.70,      4.62,      3.37,      3.60,      3.98,      4.41,      3.57
Iceland,World,All Products,Tariff,Maximum Rate (%),   2495.21,   2483.57,   2561.25,   2019.95,   2012.23,   2160.34,   2818.21,   3000.00,   2814.14,     76.00,     76.00,   2176.66,,   2366.92,     78.00,     78.00,     81.00,,    308.33,,,     50.00,,,,,
Iceland,World,All Products,Tariff,Simple Average (%),      2.46,      2.60,      2.60,      2.59,      2.55,      2.79,      3.55,      3.95,      3.86,      4.92,      4.87,      7.33,,      6.26,      5.06,      4.75,      4.68,,      5.29,,,      3.60,,,,,
Iceland,World,All Products,Tariff,Weighted Average (%),      1.60,      1.66,      1.47,      1.58,      1.50,      1.65,      1.85,      1.90,      1.83,      2.56,      2.61,      4.31,,      3.68,      2.98,      2.85,      2.78,,      3.62,,,      3.41,,,,,
Iceland,World,Capital goods,Tariff,Weighted Average (%),      0.11,      0.12,      0.11,      0.13,      0.14,      0.13,      0.18,      0.21,      0.24,      0.63,      0.58,      0.59,,      0.66,      0.51,      0.50,      0.53,,      0.60,,,      2.70,,,,,
Iceland,World,Consumer goods,Tariff,Weighted Average (%),      2.09,      2.29,      2.25,      2.11,      2.24,      2.35,      2.44,      2.52,      2.45,      4.30,      4.39,      5.45,,      5.52,      5.30,      5.08,      5.09,,      6.22,,,      4.71,,,,,
Iceland,World,Intermediate goods,Tariff,Weighted Average (%),      0.81,      0.78,      0.74,      0.63,      0.63,      0.67,      0.70,      0.89,      0.88,      1.48,      1.24,      1.33,,      1.19,      1.33,      1.26,      1.30,,      1.16,,,      0.41,,,,,
Iceland,World,Raw materials,Tariff,Weighted Average (%),     11.28,      9.78,      7.28,      8.19,      5.74,      8.07,     12.51,     13.08,     13.85,      2.84,      2.95,     23.50,,     12.07,      2.62,      2.82,      2.62,,      5.60,,,      2.90,,,,,
Iceland,World,All Products,Trade Indicator,World Growth (%),     -4.44,      0.88,     -0.83,      9.30,     10.16,    -12.35,      7.52,      7.19,      7.53,      6.28,     10.33,      8.20,      2.05,     -1.84,      7.41,      2.52,     -0.47,      3.05,      3.55,     11.51,     15.29,      7.73,     11.98,     20.90,     10.18,     28.61,
